Year,Value
2000,97.58309
2001,97.6125
2002,97.64191
2003,97.67132
2004,97.70073
2005,97.73014
2006,97.75955
2007,97.78896
2008,97.81837
2009,97.84778
2010,97.87719
2011,97.9066
2012,97.93602
2013,97.93601
2014,97.936
2015,97.936
2016,97.93599
2017,97.93599
2018,97.93599
2019,97.93599
2020,97.93599
