{"data":{"Year":[2000,2001,2002,2003,2004,2005,2006,2007,2008,2009,2010,2011,2012,2013,2014,2015,2016,2017,2018,2019,2020,2021,2022,2023],"UPPER_BOUND":["34.84104","34.84104","34.84104","40.271239999999999","40.271239999999999","40.271239999999999","40.271239999999999","40.271239999999999","40.271239999999999","40.271239999999999","40.271239999999999","40.2791","40.2791","40.2791","40.2791","40.2791","40.2791","40.2791","40.2791","40.2791","40.2791","40.2791","40.2791","40.2791"],"LOWER_BOUND":["20.791830000000001","20.791830000000001","20.791830000000001","29.570509999999999","29.570509999999999","29.570509999999999","29.570509999999999","29.570509999999999","29.570509999999999","29.570509999999999","29.570509999999999","40.2791","40.2791","40.2791","40.2791","40.2791","40.2791","40.2791","40.2791","40.2791","40.2791","40.2791","40.2791","40.2791"],"Value":[27.54363,27.54363,27.54363,39.88367,39.88367,39.88367,39.88367,39.88367,39.88367,39.88367,39.88367,40.2791,40.2791,40.2791,40.2791,40.2791,40.2791,40.2791,40.2791,40.2791,40.2791,40.2791,40.2791,40.2791]},"edges":{"From":["UPPER_BOUND"],"To":["LOWER_BOUND"]}}