Year,Value
2010,8.13815
2011,7.77176
2012,8.16554
2013,7.99936
2014,8.52633
2015,8.82938
2016,8.90962
2017,9.33525
2018,8.96015
2019,8.39884
