Year,Value
2000,0.0
2001,0.0
2002,0.0
2003,0.0
2004,0.0
2005,0.0
2006,0.0
2007,0.0
2008,0.0
2009,0.0
2010,0.0
2011,4.5127
2012,5.82211
2013,9.23523
2014,48.85716
2015,90.01683
2016,90.82646
2017,50.00442
2018,99.57086
2019,100.10315
2020,100.48585
2021,100.83824
2022,101.47288
