{"data":{"Year":[2000,2001,2002,2003,2004,2005,2006,2007,2008,2009,2010,2011,2012,2013,2014,2015,2016,2017,2018,2019,2020],"Value":[97.58309,97.6125,97.64191,97.67132,97.70073,97.73014,97.75955,97.78896,97.81837,97.84778,97.87719,97.9066,97.93602,97.93601,97.936,97.936,97.93599,97.93599,97.93599,97.93599,97.93599]},"edges":[]}