{"Year":[2010,2011,2012,2013,2014,2015,2016,2017,2018,2019,2010,2011,2012,2013,2014,2015,2016,2017,2018,2019,2010,2011,2012,2013,2014,2015,2016,2017,2018,2019,2010,2011,2012,2013,2014,2015,2016,2017,2018,2019],"Degree of urbanisation":[null,null,null,null,null,null,null,null,null,null,"Rural","Rural","Rural","Rural","Rural","Rural","Rural","Rural","Rural","Rural","Town and semi-dense area","Town and semi-dense area","Town and semi-dense area","Town and semi-dense area","Town and semi-dense area","Town and semi-dense area","Town and semi-dense area","Town and semi-dense area","Town and semi-dense area","Town and semi-dense area","Urban","Urban","Urban","Urban","Urban","Urban","Urban","Urban","Urban","Urban"],"Value":[8.13815,7.77176,8.16554,7.99936,8.52633,8.82938,8.90962,9.33525,8.96015,8.39884,7.1174,6.8017,7.14043,6.99069,7.4544,7.71846,7.78591,8.15157,7.8155,7.32164,8.46439,8.08239,8.49426,8.32313,8.87066,9.18643,9.27096,9.71604,9.32853,8.74565,8.46439,8.08239,8.49426,8.32313,8.87066,9.18643,9.27096,9.71604,9.32853,8.74565]}